"Отметка времени","Насколько правильное предложение? (86)","Насколько правильное предложение? (44)","Насколько правильное предложение? (19)","Насколько правильное предложение? (57)","Насколько правильное предложение? (2)","Насколько правильное предложение? (9)","Насколько правильное предложение? (39)","Насколько правильное предложение? (7)","Насколько правильное предложение? (34)","Насколько правильное предложение? (79)","Насколько правильное предложение? (55)","Насколько правильное предложение? (68)","Насколько правильное предложение? (16)","Насколько правильное предложение? (81)","Насколько правильное предложение? (8)","Насколько правильное предложение? (23)","Насколько правильное предложение? (56)","Насколько правильное предложение? (28)","Насколько правильное предложение? (51)","Насколько правильное предложение? (11)","Насколько правильное предложение? (10)","Насколько правильное предложение? (4)","Насколько правильное предложение? (72)","Насколько правильное предложение? (43)","Насколько правильное предложение? (60)","Насколько правильное предложение? (65)","Насколько правильное предложение? (52)","Насколько правильное предложение? (46)","Насколько правильное предложение? (14)","Насколько правильное предложение? (59)","Насколько правильное предложение? (38)","Насколько правильное предложение? (53)","Насколько правильное предложение? (1)","Насколько правильное предложение? (49)","Насколько правильное предложение? (82)","Насколько правильное предложение? (69)","Насколько правильное предложение? (74)","Насколько правильное предложение? (2)","Насколько правильное предложение? (42)","Насколько правильное предложение? (22)","Насколько правильное предложение? (27)","Насколько правильное предложение? (33)","Насколько правильное предложение? (15)","Насколько правильное предложение? (63)","Насколько правильное предложение? (66)","Насколько правильное предложение? (70)","Насколько правильное предложение? (83)","Насколько правильное предложение? (5)","Насколько правильное предложение? (21)","Насколько правильное предложение? (61)","Насколько правильное предложение? (67)","Насколько правильное предложение? (48)","Насколько правильное предложение? (29)","Насколько правильное предложение? (75)","Насколько правильное предложение? (78)","Насколько правильное предложение? (73)","Насколько правильное предложение? (35)","Насколько правильное предложение? (3)","Насколько правильное предложение? (13)","Насколько правильное предложение? (20)","Насколько правильное предложение? (25)","Насколько правильное предложение? (71)","Насколько правильное предложение? (40)","Насколько правильное предложение? (62)","Насколько правильное предложение? (62)","Насколько правильное предложение? (37)","Насколько правильное предложение? (32)","Насколько правильное предложение? (85)","Насколько правильное предложение? (77)","Насколько правильное предложение? (80)","Насколько правильное предложение? (45)","Насколько правильное предложение? (47)","Насколько правильное предложение? (26)","Насколько правильное предложение? (64)","Насколько правильное предложение? (58)","Насколько правильное предложение? (41)","Насколько правильное предложение? (54)","Насколько правильное предложение? (76)","Насколько правильное предложение? (17)","Насколько правильное предложение? (31)","Если у вас есть пожелания, замечания, запишите, пожалуйста."
"2018/02/26 10:38:32 AM GMT+3","5","5","3","1","5","5","5","5","5","5","4","5","2","5","3","5","3","4","5","1","5","4","5","3","5","1","1","1","5","5","4","3","5","3","5","5","5","5","3","5","5","5","5","5","5","5","5","5","5","5","5","2","5","5","5","5","5","5","5","5","5","5","5","5","5","2","5","4","5","5","1","1","5","5","2","5","3","5","5","5","Слыщашие общаются лушие равенства глухими людям по РЖЯ"
"2018/02/26 11:13:31 AM GMT+3","4","5","5","3","5","5","5","1","1","1","1","5","1","1","1","5","1","3","1","5","","1","5","","","","","","","","4","","","","","","","","","","","","","","","","","","","","","","","","","","","","","","","","","","","","","","","","","","","","","","","","","","последний ответ - мой (Кирилл) Руфина"
"2018/02/26 12:46:35 PM GMT+3","","","","","","","","","","","","","","","","","","","","","","","","","","","","","","","","","","","","","5","1","1","5","3","5","5","1","5","5","5","3","5","5","5","1","5","5","5","5","5","5","5","5","5","5","5","5","5","4","5","1","5","5","5","","5","5","3","5","1","5","4","5",""
"2018/02/26 3:25:10 PM GMT+3","1","5","4","4","5","5","5","5","5","5","5","5","5","5","5","5","5","5","5","","","","","","","","","","","","","","","","","","","","","","","","","","","","","","","","","","","","","","","","","","","","","","","","","","","","","","","","","","","","","","слабослышащие, в 18 вечера 26.02"
"2018/02/26 6:06:25 PM GMT+3","1","3","2","1","5","4","5","5","4","2","3","5","3","5","4","5","2","5","3","4","5","4","5","2","","","","","","","","","","","","","","","","","","","","","","","","","","","","","","","","","","","","","","","","","","","","","","","","","","","","","","","","","забелина игонина"